{
  "openapi": "3.0.1",
  "info": {
    "title": "aws.lambda.product.api",
    "version": "1.0"
  },
  "paths": {
    "/api/products/get": {
      "get": {
        "tags": [
          "Products"
        ],
        "responses": {
          "200": {
            "description": "Success"
          }
        }
      }
    },
    "/api/products/all": {
      "get": {
        "tags": [
          "Products"
        ],
        "responses": {
          "200": {
            "description": "Success"
          }
        }
      }
    },
    "/api/products": {
      "get": {
        "tags": [
          "Products"
        ],
        "parameters": [
          {
            "name": "category",
            "in": "query",
            "schema": {
              "type": "string"
            }
          },
          {
            "name": "id",
            "in": "query",
            "schema": {
              "type": "string"
            }
          }
        ],
        "responses": {
          "200": {
            "description": "Success"
          }
        }
      },
      "post": {
        "tags": [
          "Products"
        ],
        "requestBody": {
          "content": {
            "application/json": {
              "schema": {
                "$ref": "#/components/schemas/Product"
              }
            },
            "text/json": {
              "schema": {
                "$ref": "#/components/schemas/Product"
              }
            },
            "application/*+json": {
              "schema": {
                "$ref": "#/components/schemas/Product"
              }
            }
          }
        },
        "responses": {
          "200": {
            "description": "Success"
          }
        }
      },
      "delete": {
        "tags": [
          "Products"
        ],
        "parameters": [
          {
            "name": "id",
            "in": "query",
            "schema": {
              "type": "string"
            }
          },
          {
            "name": "category",
            "in": "query",
            "schema": {
              "type": "string"
            }
          }
        ],
        "responses": {
          "200": {
            "description": "Success"
          }
        }
      }
    },
    "/api/products/file": {
      "post": {
        "tags": [
          "Products"
        ],
        "responses": {
          "200": {
            "description": "Success"
          }
        }
      },
      "get": {
        "tags": [
          "Products"
        ],
        "parameters": [
          {
            "name": "filename",
            "in": "query",
            "schema": {
              "type": "string"
            }
          }
        ],
        "responses": {
          "200": {
            "description": "Success"
          }
        }
      },
      "delete": {
        "tags": [
          "Products"
        ],
        "parameters": [
          {
            "name": "filename",
            "in": "query",
            "schema": {
              "type": "string"
            }
          }
        ],
        "responses": {
          "200": {
            "description": "Success"
          }
        }
      }
    }
  },
  "components": {
    "schemas": {
      "Product": {
        "type": "object",
        "properties": {
          "id": {
            "type": "string",
            "nullable": true
          },
          "category": {
            "type": "string",
            "nullable": true
          },
          "name": {
            "type": "string",
            "nullable": true
          },
          "description": {
            "type": "string",
            "nullable": true
          },
          "price": {
            "type": "number",
            "format": "double"
          }
        },
        "additionalProperties": false
      }
    }
  }
}